[
{
    "model": "auth.user",
    "pk": 15,
    "fields": {
        "password": "pbkdf2_sha256$870000$KdG3hDhDj05Pn7wnUjfPcQ$f7FHkOymDdXPqCpwr9O5a7IvdJW3GgiEcuM/HBU3gwg=",
        "last_login": null,
        "is_superuser": false,
        "username": "amarshall",
        "first_name": "Alfred",
        "last_name": "Marshall",
        "email": "amarshall@fakz.org",
        "is_staff": false,
        "is_active": true,
        "date_joined": "2024-11-12T18:06:43.499Z",
        "groups": [],
        "user_permissions": []
    }
},
{
    "model": "auth.user",
    "pk": 16,
    "fields": {
        "password": "pbkdf2_sha256$870000$mOeVvPXnbQGIGuz4ws88rW$+6AdyBNnipqi9IM2q5OM0ssmYAmwsM/oWBLqBDcwi4I=",
        "last_login": null,
        "is_superuser": false,
        "username": "jkeynes",
        "first_name": "John",
        "last_name": "Keynes",
        "email": "jkeynes@fakz.org",
        "is_staff": false,
        "is_active": true,
        "date_joined": "2024-11-12T18:07:11.916Z",
        "groups": [],
        "user_permissions": []
    }
},
{
    "model": "auth.user",
    "pk": 17,
    "fields": {
        "password": "pbkdf2_sha256$870000$WxQLeAVbA5tlcNaiJw62FJ$aA7Oew7GgY1t8WIa6kxHyl32fNkVaku/IuQGlwY3BzQ=",
        "last_login": null,
        "is_superuser": false,
        "username": "dricardo",
        "first_name": "David",
        "last_name": "Ricardo",
        "email": "dricardo@fakz.org",
        "is_staff": false,
        "is_active": true,
        "date_joined": "2024-11-12T18:07:26.261Z",
        "groups": [],
        "user_permissions": []
    }
},
{
    "model": "auth.user",
    "pk": 18,
    "fields": {
        "password": "pbkdf2_sha256$870000$Dh9PBMDuI2Uxohuo7hBkqD$WODrARJzP/f57zsitFvlWQAbRSio5BfMgNvcd0uJkEg=",
        "last_login": null,
        "is_superuser": false,
        "username": "hmarkowitz",
        "first_name": "Harry",
        "last_name": "Markowitz",
        "email": "hmarkowitz@fakz.org",
        "is_staff": false,
        "is_active": true,
        "date_joined": "2024-11-12T18:07:46.107Z",
        "groups": [],
        "user_permissions": []
    }
},
{
    "model": "auth.user",
    "pk": 19,
    "fields": {
        "password": "pbkdf2_sha256$870000$Ohgy4ZW45qpNLTYFtYmsuD$FTdHIaFBk7oD7hbgOL/F4tLQ08LmjaMOuzXNhXusds0=",
        "last_login": null,
        "is_superuser": false,
        "username": "dritchie",
        "first_name": "Dennis",
        "last_name": "Ritchie",
        "email": "dritchie@fakz.org",
        "is_staff": false,
        "is_active": true,
        "date_joined": "2024-11-12T18:19:10.161Z",
        "groups": [],
        "user_permissions": []
    }
},
{
    "model": "auth.user",
    "pk": 20,
    "fields": {
        "password": "pbkdf2_sha256$870000$xBevWZ0sPidxQE7AIg1e8V$4qhbD7EFjU5uWqJJu0yqXmTH5yh8Ytgy8qNZLT+als8=",
        "last_login": null,
        "is_superuser": false,
        "username": "hwickham",
        "first_name": "Hadley",
        "last_name": "Wickham",
        "email": "hwickham@fakz.org",
        "is_staff": false,
        "is_active": true,
        "date_joined": "2024-11-12T18:22:16.585Z",
        "groups": [],
        "user_permissions": []
    }
},
{
    "model": "auth.user",
    "pk": 21,
    "fields": {
        "password": "pbkdf2_sha256$870000$k9rPH9O8XTu3ZhTg8P7jSc$KCSQuFk+mzFCAnhQ1leL+yX7+pS34Ym3TvbAhBrLll8=",
        "last_login": null,
        "is_superuser": false,
        "username": "ghinton",
        "first_name": "Geoffrey",
        "last_name": "Hinton",
        "email": "ghinton@fakz.org",
        "is_staff": false,
        "is_active": true,
        "date_joined": "2024-11-12T18:24:06.391Z",
        "groups": [],
        "user_permissions": []
    }
},
{
    "model": "auth.user",
    "pk": 22,
    "fields": {
        "password": "pbkdf2_sha256$870000$NmrsPFIutiPyRioSBPKu0P$Vob5u4ub0MotgU/faJZ0w75Q+tBuOuIkOSX9VZ4fUjw=",
        "last_login": null,
        "is_superuser": false,
        "username": "lpauling",
        "first_name": "Linus",
        "last_name": "Pauling",
        "email": "lpauling@fakz.org",
        "is_staff": false,
        "is_active": true,
        "date_joined": "2024-11-12T18:28:01.671Z",
        "groups": [],
        "user_permissions": []
    }
},
{
    "model": "auth.user",
    "pk": 23,
    "fields": {
        "password": "pbkdf2_sha256$870000$cXoBA4ENdg8Kw26JOZckc0$O2DpD1WRfMOiUXzStb5m8IGoY7sfPhtEtYqbulVKJbU=",
        "last_login": null,
        "is_superuser": false,
        "username": "sgreen",
        "first_name": "Sophia",
        "last_name": "Green",
        "email": "sgreen@fakz.org",
        "is_staff": false,
        "is_active": true,
        "date_joined": "2024-11-12T18:37:30.728Z",
        "groups": [],
        "user_permissions": []
    }
},
{
    "model": "auth.user",
    "pk": 24,
    "fields": {
        "password": "pbkdf2_sha256$870000$v7fhd1qKi09AW9be3Pi5eP$4HHlhof7vVZB7i2VE9CJGbbvSFuiC8Wc26AZsp1hYY8=",
        "last_login": null,
        "is_superuser": false,
        "username": "mcarter",
        "first_name": "Maxwell",
        "last_name": "Carter",
        "email": "mcarter@fakz.org",
        "is_staff": false,
        "is_active": true,
        "date_joined": "2024-11-12T18:37:43.537Z",
        "groups": [],
        "user_permissions": []
    }
},
{
    "model": "auth.user",
    "pk": 25,
    "fields": {
        "password": "pbkdf2_sha256$870000$IaD9wG1LGKjFZqSeAOyEiL$9njo+9eaLk1b1prbLAOqut5boQCd82prbU0MWP8PAbY=",
        "last_login": null,
        "is_superuser": false,
        "username": "obrooks",
        "first_name": "Olivia",
        "last_name": "Brooks",
        "email": "obrooks@fakz.org",
        "is_staff": false,
        "is_active": true,
        "date_joined": "2024-11-12T18:37:56.103Z",
        "groups": [],
        "user_permissions": []
    }
},
{
    "model": "auth.user",
    "pk": 26,
    "fields": {
        "password": "pbkdf2_sha256$870000$F7FbPSPFqNzGEiLSYHpcaz$Q6NROOFCpzTVeMbSOtbyB23QGFkKSMl8BCfyre7u9A8=",
        "last_login": null,
        "is_superuser": false,
        "username": "emitchell",
        "first_name": "Ethan",
        "last_name": "Mitchell",
        "email": "emitchell@fakz.org",
        "is_staff": false,
        "is_active": true,
        "date_joined": "2024-11-12T18:38:07.966Z",
        "groups": [],
        "user_permissions": []
    }
},
{
    "model": "auth.user",
    "pk": 27,
    "fields": {
        "password": "pbkdf2_sha256$870000$nC6K6mAFike7YMyyK6P8kz$k/WRzH0fb8SACFq0cm5P03KlqLxSYshmHSiYzS9bJLs=",
        "last_login": null,
        "is_superuser": false,
        "username": "iturner",
        "first_name": "Isabella",
        "last_name": "Turner",
        "email": "iturner@fakz.org",
        "is_staff": false,
        "is_active": true,
        "date_joined": "2024-11-12T18:38:28.178Z",
        "groups": [],
        "user_permissions": []
    }
},
{
    "model": "auth.user",
    "pk": 28,
    "fields": {
        "password": "pbkdf2_sha256$870000$V4IsMHJloh9q6jICC7snTh$WeLyuhMSEKh4mfX0/8vVgnNarlZX4AWT/su/3vSHDf4=",
        "last_login": null,
        "is_superuser": false,
        "username": "lrobinson",
        "first_name": "Liam",
        "last_name": "Robinson",
        "email": "lrobinson@fakz.org",
        "is_staff": false,
        "is_active": true,
        "date_joined": "2024-11-12T18:38:41.077Z",
        "groups": [],
        "user_permissions": []
    }
},
{
    "model": "auth.user",
    "pk": 29,
    "fields": {
        "password": "pbkdf2_sha256$870000$jks5RkEgoduQcz38KAIMcu$1Noy7Z2DvNhPUfcc0qNBn3u2lVLxfEMVBTzVKq8AG6E=",
        "last_login": null,
        "is_superuser": false,
        "username": "charris",
        "first_name": "Chloe",
        "last_name": "Harris",
        "email": "charris@fakz.org",
        "is_staff": false,
        "is_active": true,
        "date_joined": "2024-11-12T18:38:52.158Z",
        "groups": [],
        "user_permissions": []
    }
},
{
    "model": "auth.user",
    "pk": 30,
    "fields": {
        "password": "pbkdf2_sha256$870000$Ak4SL8dK9WBo1BxOcyiqAU$qLmlkrGpuDJZRXM3lLha2ZsdMJ0vnNLLnN36u1GT6K8=",
        "last_login": null,
        "is_superuser": false,
        "username": "landerson",
        "first_name": "Lucas",
        "last_name": "Anderson",
        "email": "landerson@fakz.org",
        "is_staff": false,
        "is_active": true,
        "date_joined": "2024-11-12T18:39:02.708Z",
        "groups": [],
        "user_permissions": []
    }
},
{
    "model": "auth.user",
    "pk": 31,
    "fields": {
        "password": "pbkdf2_sha256$870000$pxcN4A66GDKPgjjtf0i8Xl$JSc26T5l70kwD6oTqrlRiIWUL5vRgRfowoVGCvn8i5Y=",
        "last_login": null,
        "is_superuser": false,
        "username": "aking",
        "first_name": "Amelia",
        "last_name": "King",
        "email": "aking@fakz.org",
        "is_staff": false,
        "is_active": true,
        "date_joined": "2024-11-12T18:39:11.437Z",
        "groups": [],
        "user_permissions": []
    }
},
{
    "model": "auth.user",
    "pk": 32,
    "fields": {
        "password": "pbkdf2_sha256$870000$KEKdHQYP6w6EBfjnERyjNI$/AJNslR0akmqlHMS1USTq1x8OZH3GLwv25hJzJobaPI=",
        "last_login": null,
        "is_superuser": false,
        "username": "bclark",
        "first_name": "Benjamin",
        "last_name": "Clark",
        "email": "bclark@fakz.org",
        "is_staff": false,
        "is_active": true,
        "date_joined": "2024-11-12T18:39:23.004Z",
        "groups": [],
        "user_permissions": []
    }
},
{
    "model": "sessions.session",
    "pk": "9gxddrx14c5ivh5mfauwpxh8deqovx74",
    "fields": {
        "session_data": ".eJxVjEEOwiAQAP_C2RBYcKEevfuGZmFBqgaS0p6MfzckPeh1ZjJvMdO-lXnvaZ0XFhehrTj9wkDxmeow_KB6bzK2uq1LkCORh-3y1ji9rkf7NyjUy_iyxpi1V-zAoAFC77MJoFzAjOC80lGhBcsWAc6TY-sUg40ZMk_E4vMF2J03EQ:1tAvBY:shLHh9QuTvCH0iEZFYTJW2zzkfmX5KNB6s7VxD2C3o8",
        "expire_date": "2024-11-26T18:00:16.199Z"
    }
},
{
    "model": "sessions.session",
    "pk": "l2fmhkog9x4vy584mn7mu3kn9o8tbddo",
    "fields": {
        "session_data": ".eJxVjDkOwjAUBe_iGlnyEiefkp4zWH8zDqBEipMKcXeIlALaNzPvZTJua81b0yWPYs7GmdPvRsgPnXYgd5xus-V5WpeR7K7YgzZ7nUWfl8P9O6jY6rfGCOLRd-iilghFKSbnEwfohItQGqJTCUpBPVOvcSAQ6EsAYoLC5v0BAn85NQ:1t56e8:uORD5KPowEpo7wihhqqpYDf-pdbA4h9sYPBtG42QhZo",
        "expire_date": "2024-11-10T17:01:44.862Z"
    }
},
{
    "model": "sessions.session",
    "pk": "o8oj8wlc3877w28gbocniul8nzqbgho5",
    "fields": {
        "session_data": ".eJxVjDkOwjAUBe_iGlnyEiefkp4zWH8zDqBEipMKcXeIlALaNzPvZTJua81b0yWPYs7GmdPvRsgPnXYgd5xus-V5WpeR7K7YgzZ7nUWfl8P9O6jY6rfGCOLRd-iilghFKSbnEwfohItQGqJTCUpBPVOvcSAQ6EsAYoLC5v0BAn85NQ:1t6TUx:7YV6Oo9Ynw-Up619yW6RjJqA4KLA6-3_-Zw6ve7DkS0",
        "expire_date": "2024-11-14T11:37:55.933Z"
    }
},
{
    "model": "api.course",
    "pk": 1,
    "fields": {
        "name": "Mathematics",
        "points": 5,
        "image_url": "https://www.clarkson.edu/sites/default/files/2023-06/Mathematics-Hero-1600x900.jpg",
        "coordinator": 13
    }
},
{
    "model": "api.course",
    "pk": 2,
    "fields": {
        "name": "Programming",
        "points": 3,
        "image_url": "https://static01.nyt.com/images/2023/06/05/opinion/02Manjoo-1/02Manjoo-1-articleLarge.jpg?quality=75&auto=webp&disable=upscale",
        "coordinator": 11
    }
},
{
    "model": "api.course",
    "pk": 7,
    "fields": {
        "name": "Deep Learning",
        "points": 6,
        "image_url": "https://encrypted-tbn0.gstatic.com/images?q=tbn:ANd9GcQpQr0KNCHADzdiRzPaqWOficwIDg3bf-jtqg&s",
        "coordinator": 13
    }
},
{
    "model": "api.course",
    "pk": 8,
    "fields": {
        "name": "Microeconomics",
        "points": 4,
        "image_url": "https://www.gktoday.in/wp-content/uploads/2019/05/20230825011049.png",
        "coordinator": 7
    }
},
{
    "model": "api.course",
    "pk": 9,
    "fields": {
        "name": "Macroeconomics",
        "points": 3,
        "image_url": "https://streetfins.com/wp-content/uploads/2023/10/feature-macroeconomics-globe-cc0.webp",
        "coordinator": 10
    }
},
{
    "model": "api.course",
    "pk": 10,
    "fields": {
        "name": "International Trade",
        "points": 3,
        "image_url": "https://cdn.corporatefinanceinstitute.com/assets/international-trade.jpeg",
        "coordinator": 8
    }
},
{
    "model": "api.course",
    "pk": 11,
    "fields": {
        "name": "Financial Analysis",
        "points": 3,
        "image_url": "https://media.licdn.com/dms/image/C5612AQHTuTUugYiGNA/article-cover_image-shrink_600_2000/0/1593301442717?e=2147483647&v=beta&t=tNGwiul0zuKUWoKeogN4JJ29JpQc0qPs8beM8ObAg-Q",
        "coordinator": 9
    }
},
{
    "model": "api.course",
    "pk": 12,
    "fields": {
        "name": "Data Science",
        "points": 5,
        "image_url": "https://encrypted-tbn0.gstatic.com/images?q=tbn:ANd9GcQDftuFUUbSKIMKilkbok1gdhmJI399o_j9Qw&s",
        "coordinator": 12
    }
},
{
    "model": "api.course",
    "pk": 13,
    "fields": {
        "name": "Robotics",
        "points": 4,
        "image_url": "https://media.kasperskycontenthub.com/wp-content/uploads/sites/43/2019/10/14084818/abstract-robot-thinking-800x450.jpg",
        "coordinator": 11
    }
},
{
    "model": "api.course",
    "pk": 14,
    "fields": {
        "name": "Biochemistry",
        "points": 4,
        "image_url": "https://encrypted-tbn0.gstatic.com/images?q=tbn:ANd9GcStwD5u1BBQAXMic8kg43ETUrHM8HvX6EwuGA&s",
        "coordinator": 14
    }
},
{
    "model": "api.course",
    "pk": 15,
    "fields": {
        "name": "Health Administration",
        "points": 2,
        "image_url": "https://encrypted-tbn0.gstatic.com/images?q=tbn:ANd9GcTDo1o8h8YIHE7FA9SHuAHcw2vcgbCQejjgRg&s",
        "coordinator": 9
    }
},
{
    "model": "api.student",
    "pk": 17,
    "fields": {
        "user": [
            "sgreen"
        ],
        "academic_id": "42014278"
    }
},
{
    "model": "api.student",
    "pk": 18,
    "fields": {
        "user": [
            "mcarter"
        ],
        "academic_id": "42094641"
    }
},
{
    "model": "api.student",
    "pk": 19,
    "fields": {
        "user": [
            "obrooks"
        ],
        "academic_id": "42078679"
    }
},
{
    "model": "api.student",
    "pk": 20,
    "fields": {
        "user": [
            "emitchell"
        ],
        "academic_id": "42033438"
    }
},
{
    "model": "api.student",
    "pk": 21,
    "fields": {
        "user": [
            "iturner"
        ],
        "academic_id": "42032493"
    }
},
{
    "model": "api.student",
    "pk": 22,
    "fields": {
        "user": [
            "lrobinson"
        ],
        "academic_id": "42091426"
    }
},
{
    "model": "api.student",
    "pk": 23,
    "fields": {
        "user": [
            "charris"
        ],
        "academic_id": "42062968"
    }
},
{
    "model": "api.student",
    "pk": 24,
    "fields": {
        "user": [
            "landerson"
        ],
        "academic_id": "42083328"
    }
},
{
    "model": "api.student",
    "pk": 25,
    "fields": {
        "user": [
            "aking"
        ],
        "academic_id": "42048425"
    }
},
{
    "model": "api.student",
    "pk": 26,
    "fields": {
        "user": [
            "bclark"
        ],
        "academic_id": "42019888"
    }
},
{
    "model": "api.teacher",
    "pk": 7,
    "fields": {
        "user": [
            "amarshall"
        ],
        "department": "Economics",
        "academic_title": "dr. sc.",
        "academic_id": "42000000"
    }
},
{
    "model": "api.teacher",
    "pk": 8,
    "fields": {
        "user": [
            "dricardo"
        ],
        "department": "Economics",
        "academic_title": "dr. sc.",
        "academic_id": "42000001"
    }
},
{
    "model": "api.teacher",
    "pk": 9,
    "fields": {
        "user": [
            "hmarkowitz"
        ],
        "department": "Economics",
        "academic_title": "dr. sc.",
        "academic_id": "42000002"
    }
},
{
    "model": "api.teacher",
    "pk": 10,
    "fields": {
        "user": [
            "jkeynes"
        ],
        "department": "Economics",
        "academic_title": "dr. sc.",
        "academic_id": "42000003"
    }
},
{
    "model": "api.teacher",
    "pk": 11,
    "fields": {
        "user": [
            "dritchie"
        ],
        "department": "Computer Science",
        "academic_title": "dr. sc.",
        "academic_id": "42000004"
    }
},
{
    "model": "api.teacher",
    "pk": 12,
    "fields": {
        "user": [
            "hwickham"
        ],
        "department": "Computer Science",
        "academic_title": "dr. sc.",
        "academic_id": "42000005"
    }
},
{
    "model": "api.teacher",
    "pk": 13,
    "fields": {
        "user": [
            "ghinton"
        ],
        "department": "Computer Science",
        "academic_title": "dr. sc.",
        "academic_id": "42000006"
    }
},
{
    "model": "api.teacher",
    "pk": 14,
    "fields": {
        "user": [
            "lpauling"
        ],
        "department": "Biology",
        "academic_title": "dr. sc.",
        "academic_id": "42000007"
    }
},
{
    "model": "api.enrollment",
    "pk": 86,
    "fields": {
        "student": 24,
        "course": 1,
        "enrollment_date": "2024-11-12T18:40:04.188Z"
    }
},
{
    "model": "api.enrollment",
    "pk": 87,
    "fields": {
        "student": 17,
        "course": 1,
        "enrollment_date": "2024-11-12T18:40:04.188Z"
    }
},
{
    "model": "api.enrollment",
    "pk": 88,
    "fields": {
        "student": 22,
        "course": 1,
        "enrollment_date": "2024-11-12T18:40:04.188Z"
    }
},
{
    "model": "api.enrollment",
    "pk": 89,
    "fields": {
        "student": 24,
        "course": 2,
        "enrollment_date": "2024-11-12T18:40:29.389Z"
    }
},
{
    "model": "api.enrollment",
    "pk": 90,
    "fields": {
        "student": 26,
        "course": 2,
        "enrollment_date": "2024-11-12T18:40:29.389Z"
    }
},
{
    "model": "api.enrollment",
    "pk": 91,
    "fields": {
        "student": 22,
        "course": 2,
        "enrollment_date": "2024-11-12T18:40:29.389Z"
    }
},
{
    "model": "api.enrollment",
    "pk": 92,
    "fields": {
        "student": 26,
        "course": 7,
        "enrollment_date": "2024-11-12T18:40:44.507Z"
    }
},
{
    "model": "api.enrollment",
    "pk": 93,
    "fields": {
        "student": 20,
        "course": 7,
        "enrollment_date": "2024-11-12T18:40:44.507Z"
    }
},
{
    "model": "api.enrollment",
    "pk": 94,
    "fields": {
        "student": 17,
        "course": 8,
        "enrollment_date": "2024-11-12T18:41:06.181Z"
    }
},
{
    "model": "api.enrollment",
    "pk": 95,
    "fields": {
        "student": 18,
        "course": 8,
        "enrollment_date": "2024-11-12T18:41:06.181Z"
    }
},
{
    "model": "api.enrollment",
    "pk": 96,
    "fields": {
        "student": 19,
        "course": 8,
        "enrollment_date": "2024-11-12T18:41:06.181Z"
    }
},
{
    "model": "api.enrollment",
    "pk": 97,
    "fields": {
        "student": 21,
        "course": 8,
        "enrollment_date": "2024-11-12T18:41:06.181Z"
    }
},
{
    "model": "api.enrollment",
    "pk": 98,
    "fields": {
        "student": 23,
        "course": 8,
        "enrollment_date": "2024-11-12T18:41:06.182Z"
    }
},
{
    "model": "api.enrollment",
    "pk": 99,
    "fields": {
        "student": 25,
        "course": 8,
        "enrollment_date": "2024-11-12T18:41:06.182Z"
    }
},
{
    "model": "api.enrollment",
    "pk": 100,
    "fields": {
        "student": 18,
        "course": 9,
        "enrollment_date": "2024-11-12T18:41:24.364Z"
    }
},
{
    "model": "api.enrollment",
    "pk": 101,
    "fields": {
        "student": 26,
        "course": 9,
        "enrollment_date": "2024-11-12T18:41:24.364Z"
    }
},
{
    "model": "api.enrollment",
    "pk": 102,
    "fields": {
        "student": 22,
        "course": 9,
        "enrollment_date": "2024-11-12T18:41:24.364Z"
    }
},
{
    "model": "api.enrollment",
    "pk": 103,
    "fields": {
        "student": 23,
        "course": 9,
        "enrollment_date": "2024-11-12T18:41:24.364Z"
    }
},
{
    "model": "api.enrollment",
    "pk": 104,
    "fields": {
        "student": 21,
        "course": 10,
        "enrollment_date": "2024-11-12T18:41:41.045Z"
    }
},
{
    "model": "api.associate",
    "pk": 13,
    "fields": {
        "teacher": 9,
        "course": 1
    }
},
{
    "model": "api.associate",
    "pk": 14,
    "fields": {
        "teacher": 13,
        "course": 1
    }
},
{
    "model": "api.associate",
    "pk": 15,
    "fields": {
        "teacher": 14,
        "course": 2
    }
},
{
    "model": "api.associate",
    "pk": 16,
    "fields": {
        "teacher": 11,
        "course": 7
    }
},
{
    "model": "api.associate",
    "pk": 17,
    "fields": {
        "teacher": 8,
        "course": 8
    }
},
{
    "model": "api.associate",
    "pk": 18,
    "fields": {
        "teacher": 13,
        "course": 9
    }
},
{
    "model": "api.associate",
    "pk": 19,
    "fields": {
        "teacher": 9,
        "course": 10
    }
},
{
    "model": "api.associate",
    "pk": 20,
    "fields": {
        "teacher": 11,
        "course": 10
    }
}
]
